{"trainLoss": 0.11281170696020126, "validationLoss": 0.0, "_timestamp": 1695676914.5699787, "_runtime": 36.55852675437927, "_step": 33, "_wandb": {"runtime": 33}}