{"trainLoss": 0.020434780046343803, "validationLoss": 0.0, "_timestamp": 1695677646.428787, "_runtime": 118.51455092430115, "_step": 21}