{"trainLoss": 0.029151195660233498, "validationLoss": 0.0, "_timestamp": 1695678041.0693712, "_runtime": 513.1551351547241, "_step": 94}