{"trainLoss": 0.03832199424505234, "validationLoss": 0.0, "_timestamp": 1695677388.044894, "_runtime": 87.39087891578674, "_step": 13, "_wandb": {"runtime": 87}}