{"trainLoss": 0.14631396532058716, "validationLoss": 0.0, "_timestamp": 1695676820.6775966, "_runtime": 31.995981454849243, "_step": 11}